title,description,link
250+ Directories to submit your  startup,"Submit your startup to these directories to increase website traffic, improve brand awareness, and earn quality backlinks.",https://growstartup.co/#Pricing
Serchen,Business Software Reviews & Buying Advice,https://www.serchen.com/
Product Hunt,The best new products in tech.,https://www.producthunt.com/
Clutch,Ratings and reviews platform for service providers.,https://clutch.co/
GPTs Hunter,Discover GPT’s,https://www.gptshunter.com/
SourceForge,Open-source software repository and community.,https://sourceforge.net/
No Code Founders,Build an online business with no code,https://nocodefounders.com/
Lettergrowth,Find newsletters who want to do cross promotions,https://lettergrowth.com/
Owler,A platform for business intelligence and insights.,https://www.owler.com/
Pinterest,Image sharing and social media service,https://www.pinterest.com/
E27,Connecting you to Asia’s Startup and Tech Ecosystem,https://e27.co/
Owwly,Ultimate AI tools list,https://owwly.com/
Disqus,#1 in audience engagement and community growth,https://disqus.com/
InventList,Explore Hand-Curated Future AI Products,https://inventlist.com/
One Page Love,One Page Website Inspiration and Templates,https://onepagelove.com/
Digital Marketing Deal,Boost Online Presence,https://digitalmarketingdeal.com/
Make.rs,Show the world what you’ve done with a simple page.,https://make.rs/
The Dots,A platform for creative professionals to network.,https://the-dots.com/
TrustRadius,A Platform for gathering customer reviews and ratings.,https://www.trustradius.com/
Local Business Listing,Business directory with listings and reviews.,https://www.localbusinesslisting.org/
Tipeee,Crowdfunding for content Creators,https://en.tipeee.com/
Taplink,landing page that drives your sales on Instagram,https://taplink.cc/
Quora,A place to share knowledge and better understand the world,https://www.quora.com/
Yellow Place,Yellow.Place is a global business director,https://yellow.place/
Startuplister,Discover new startups,https://startuplister.com/
Ecommerce Stack,Top List of Ecommerce Tools,https://ecommerce-stack.com/
WIP,A community of makers,https://wip.co/
ToolsPedia,Browse Hundreds of AI Tools,https://www.toolspedia.io/
Brandfetch,Brandfetch is the home for the world’s brands.,https://brandfetch.com/
Flickr,Find your inspiration.,https://www.flickr.com/
SaaS Surf,"Curating tools for developers, designers, and makers",https://saassurf.com/
Fyple,Find businesses and services in United States,https://www.fyple.com/
TechnologyAdvice,B2B Media Services for Technology Companies,https://technologyadvice.com/
AppAdvice,Latest iOS News And Reviews,https://appadvice.com/
NextBigWhat,"AI Products, News, Insights",http://nextbigwhat.com/
TechDirectory,Technology Business Directory,https://www.techdirectory.io/
ChamberofCommerce.com,The Online Business Community,https://www.chamberofcommerce.com/
G2,A platform for reviews and comparisons of software and services.,https://www.g2.com/
LinkedIn Page,LinkedIn Company Page,https://business.linkedin.com/marketing-solutions/linkedin-pages
Uneed.best,A launch platform for your products,https://www.uneed.best/
Citymapia,End To End Web & Enterprise Solutions,https://www.citymapia.com/
Slant.co,PRODUCT RANKINGS FOR ALL YOUR SHOPPING NEEDS,https://www.slant.co/
AppRater,"Awesome apps, every single day. Since 2011",https://apprater.net/
Folkd,Folkd is a leading social bookmarking app,https://folkd.com/
The Tech Block,Tech tips from tim the techie,https://www.thetechblock.com/
Peerlist,A platform for connecting with peers in the tech industry.,https://peerlist.io/
Famous AI Tools,AI Marketing Company,https://famousaitools.ai/
Listly,Lists made social,https://list.ly/
The Hub,Find your next exciting startup job,https://startupmatcher.com/
SoftwareWorld,Software Review Site,https://www.softwareworld.co/
Betafy,Platform for beta testing startups.,https://betafy.co/
Indie Page,Directory of indie projects and startups.,https://indiepa.ge/discover
DeviantArt,The Largest Online Art Gallery and Community,https://www.deviantart.com/
Zumvu,"Digital Marketing Tools, Growth Marketing Platform",https://zumvu.com/
Awwwards,Best Web Design Trends,https://www.awwwards.com/
LiveJournal,Discover global communities of bloggers,https://www.livejournal.com/
Patreon,Patreon is a monetization platforms for content creators.,https://www.patreon.com/
CabinetM,Martech Stack Management and Discovery,https://www.cabinetm.com/
Startup Resources,The Best Tools For Your Startup,https://startupresources.io/
MicroLaunch,A platform for launching micro-projects and startups.,https://microlaunch.net/
Webcatalog,Find the right software and services.,http://webcatalog.io/
HR Software List,Top Ranked Solutions for Businesses,https://allhrsoftware.com/
Toools.design,"An archive of 1,500+ Design Resources",https://www.toools.design/
Business-Software.com,"Business Software Reviews of Accounting Software, CRM, ERP and More",https://www.business-software.com/
Digital Business Directory Online,Places & Professionals Directory,https://www.digitalbusinessdirectory.online/
Changelog,Podcasts for developers,https://changelog.com/
DiscoverCloud,Discover the Best Business Software & Reviews,https://www.discovercloud.com/
AppSumo,Browse software deals for your business,https://appsumo.com/
Devpost,The home for hackathons,https://devpost.com/
Internet Is Beautiful,Discover The Most Interesting Websites,https://www.internetisbeautiful.com/
A-ZBusinessFinder.com,Business directory with listings and reviews.,https://www.a-zbusinessfinder.com/
Google Business,Google Business Profile,https://www.google.com/business/
SiteLike,A platform for finding similar websites.,https://www.sitelike.org/
Trendy Startups,Discover startups and blogging.,https://trendystartups.com/
indie hackers tools,The repo of tools made by indie hackers,https://www.indiehacker.tools/
Bunity,"Find Furniture, Florists, Restaurants, Dentists, Bars, Beauty Salons",https://www.bunity.com/
GetByte,Power your Startup,https://www.getbyte.tech/
Findcool.tools,Coolest Tools On The Internet,https://www.findcool.tools/
Wellfound,Startup Job Search,https://wellfound.com/
SnapMunk,Technology Trends and Startup Culture,https://www.snapmunk.com/
Crazy About Startups,All about Startups & Entrepreneurship,https://crazyaboutstartups.com/
SaasList,Top Business SaaS and Services,https://saaslist.com/
PeerSpot,Buying Intelligence and Reviews for Enterprise Technology,https://www.peerspot.com/
MicroStartups.co,Discover trending micro-startups today,https://www.microstartups.co/
SaaSHub,Software Alternatives And Reviews,https://www.saashub.com/
AppsTimes |,A platform for app reviews and news.,https://appstimes.in/
Springwise,Early access to the ideas transforming our world,https://www.springwise.com/
SlideServe,Upload and Share Documents Presentations Online,https://www.slideserve.com/
SaaSGenius,Find the Best Value SaaS Products On the Market 2024,https://www.saasgenius.com/
FreeListingIndia,Indian local business listing site,https://www.freelistingindia.in/
SuperPages,Find local businesses,https://www.superpages.com.au/
Partner Optimizer,"AI Data-Driven B2B Partner Discovery,",https://partneroptimizer.com/
CrowdReviews,Software and Services based on their merits.,https://www.crowdreviews.com/
Under1000MRR.tools,Showcase your early-stage products,https://under1000mrr.tools/
WebAppRater,Online software directory,https://webapprater.com/
Place123.net,We find all places,http://www.place123.net/
Coindrop,Accept payments and donations 100% Free with Zero Fees,https://coindrop.to/
Startup Buffer,Promote Your Startup/Discover New Startups,https://startupbuffer.com/
Sidebar.io,A website that features a text typeface,https://sidebar.io/
Ukcommunityforum,Your Source for Social News and Networking,https://ukcommunityforum.co.uk/
Hackers Pad,"Software Alternatives,Reviews and Comparisions.",https://hackerspad.net/
Trustpilot Business,Collect Customer Service & Product Reviews,https://business.trustpilot.com/
NoCodeList,Find NoCode Software,https://nocodelist.co/
twelve.tools,twelve.tools,https://twelve.tools/
HackerNoon,learn about any technology,https://hackernoon.com/
SmartMoneyMatch,SmartMoneyMatch connects the global investment community,https://www.smartmoneymatch.com/
Golden,Building the world’s knowledge engine,https://golden.com/
Startup Stash,A Curated Directory of Tools and Resources for Your Startup,https://startupstash.com/
Linktree,"Everything you are, in one simple link",https://linktr.ee/
All Startups Info,Directory of startups and business resources.,http://www.allstartups.info/
Gust,"The best place to start, grow, and fund your venture.",https://www.gust.com/
Resource.fyi,Resource hub for startups and entrepreneurs.,https://resource.fyi/
Hacker News,Hacker News,https://news.ycombinator.com/
Hotfrog,Get found online,https://www.hotfrog.com/
SideProjectors,"Sell, buy, show off your side projects",https://www.sideprojectors.com/
Manta,Business directory with listings and reviews.,https://www.manta.com/
Callupcontact,Business Listing and Local Marketing Service,https://www.callupcontact.com/
AppAgg,"Find Apps, Games, Discounts, Lists, Search, RSS+",https://appagg.com/
IndieLogs,Stand out as a Solopreneur,https://www.indielogs.com/
Makerlog,"Build, learn and grow in public on Makerlog",https://getmakerlog.com/
Brownbook,The Global Business Listing Database.,https://www.brownbook.net/
HeyLink.me,A platform for creating customizable social media profiles.,https://heylink.me/
CanadianPlanet,Free classified ads in Canada,https://www.canadianplanet.net/
DEV Community,DEV Community,https://dev.to/
Goodreads,Meet your next favorite book,https://www.goodreads.com/
10Words,Discover new apps and startups in 10 words or less,https://10words.io/
The Startup INC,Start up Companies Directory & Startup Listing,https://www.thestartupinc.com/
WhatsYourHours.com Directory,List Your Business For FREE,https://www.whatsyourhours.com/
Spaceleads,B2B Lead Generation and Client Acquisition,https://www.spaceleads.pro/
BubbleLife,The Only Modern Local Newspaper Read & Shaped by Your Community,https://www.bubblelife.com/
SoftwareSuggest,Discover Top Business Software & Service Partners,https://www.softwaresuggest.com/
Startups.watch,Turkish Startup Ecosystem Intelligence,https://startups.watch/
Enests.co,Make Your Business Fly,https://enests.co/
StartupStage,StartupStage is a platform to showcase your startup,https://startupstage.app/
Webwiki,Search Engine with Reviews of Websites,https://www.webwiki.com/
Aitoolslink,Discover the latest digital products first,http://aitoolslink.com
WhoDoYou,Local businesses recommended on social media,https://www.whodoyou.com/
Startup Collections,-Resources and Tools for Starters,https://startupcollections.com/
Ko-fi,A platform for supporting creators through donations.,https://ko-fi.com/
yesRamen,Validate digital product ideas with feedback,https://yesramen.com/
AffordHunt,Discover Affordable AI & SaaS Alternatives,https://www.affordhunt.com/
Indie Hackers,Work Together to Build Profitable Online Businesses,https://www.indiehackers.com/
Directory of Directories,Directory of Directories,https://yo.directory/
addYP.com,Your Local Business Directory!,https://addyp.com/
StartUs,Connecting the european startup community,https://www.startus.cc/
Software Advice,Business Software Reviews from Software Advice,https://www.softwareadvice.com/
Hashnode,Start a Developer Blog,https://hashnode.com/
Public APIs,A Collaborative List Of 1400+ Public APIs For Developers,https://publicapis.dev/
Issuu,Create Interactive Flipbooks,https://issuu.com/
Wewaat,Explore the Largest Collection of No-Code Tools,https://www.wewaat.com/
Gartner,"Delivering Actionable, Objective Insight to Executives and Their Teams",https://www.gartner.com/
EZlocal,Local Business Search Made EZ,https://ezlocal.com/
Startup Dope,Early-Stage Startup & Technology News Magazine,https://startupdope.com/
Land-book,Website design inspiration gallery,https://land-book.com/
B2BCO,Business Social Network,https://www.b2bco.com/
Startupguys.net,Helping You Start and Grow Your Small Business,https://www.startupguys.net/
BizBangBoom,Best Business Directory,https://www.bizbangboom.com/
AlternativeTo,A platform for finding alternatives to software.,https://alternativeto.net/
Appvizer,Media and Software Comparison Tool for Professionals,https://www.appvizer.com/
BharathListing.com,Business Directory/Yellow/SEO/Backlinks listing in India & USA/UK/UAE/Philippines/Singapore,https://bharathlisting.com/
Business ToolVault,Business Tools Directory,https://businesstoolvault.com/
Workspaces,Explore the workspaces of creative individuals,https://www.workspaces.xyz/
BESTinCom,Find Best In Communities,https://www.bestincom.com/
Hand Picked Tools,Carefully Vetted Useful Tools,https://handpickedtools.com/
AI & SaaS Tools Directory,AI & SaaS Tools Directory,https://appsandwebsites.com/
Crozdesk,Business Software Search,https://crozdesk.com/
Promote Project,DISCOVER NEW AMAZING COMPANIES AND AWESOME PROJECTS,https://www.promoteproject.com/
About.me page,Your personal homepage,https://about.me/
FreeListingUSA,Free local business listing site USA,https://www.freelistingusa.com/
Gifyu,Free Image Hosting,https://gifyu.com/
Website Hunt,Website Hunt,https://www.websitehunt.co/
Build in Public,#buildinpublic,https://buildinpublic.page/
Locable,Turn 15 Minutes Into Effective Local Marketing,https://www.locable.com/
Featured Customers,Find B2B & SaaS Software & Services,https://www.featuredcustomers.com/
Business directory,List and Search Business For Free,https://www.businesslistings.net.au/
Zipleaf.us,United States Business Directory,https://www.zipleaf.us/
ProvenExpert.com,More revenue with customer reviews,https://www.provenexpert.com/
Triberr,A platform for content sharing and promotion.,https://triberr.com/
MyOpportunity,Job Search Site,https://www.myopportunity.com/
F6S,"F6S connects 5m founders and startups to funding, jobs & free hosting deals",https://www.f6s.com/
Dev Pages,The developer tools directory.,https://www.devpages.io/
Alternative.me,Find Better Software Alternatives,http://alternative.me/
Famewall,Collect & Add Testimonials to your website,https://famewall.io/
HubPages,A platform for publishing articles and content.,https://hubpages.com/
SaaStr,"B2B SaaS Training, Events & More to Scale Your Business",https://www.saastr.com/
Medium,Where good ideas find you.,https://medium.com/
Buy Me a Coffee,Platform for supporting creators through coffee donations.,https://www.buymeacoffee.com/
ArtStation,"ArtStation is the leading showcase platform for games, film, media & entertainment artists.",https://www.artstation.com/
Merchant Circle,"Deals, Quotes, Coupons, Advice from Local Merchants",https://www.merchantcircle.com/
Tech in Asia,Connecting Asia’s startup ecosystem,https://www.techinasia.com/
EnrollBusiness,Directory of Local Business Profiles in USA.,https://enrollbusiness.com/
Gumroad,Sell what you know and see what sticks,https://gumroad.com/
Getworm,"Discover latest products & services from startups,",https://getworm.com/
SoftwareSupp,"The Agency of the Future, on-demand",https://softwaresupp.com/
SaaSworthy,Top Business Software and Reviews,https://www.saasworthy.com/
Find-Us-Here.com,Business directory with listings and reviews.,https://www.find-us-here.com/
Awesome Marketing Websites,A collection of awesome websites,https://awesomemarketingwebsites.com/
n49.com,Local Reviews Across Canada,https://www.n49.com/
Files.fm,Online cloud storage.,https://files.fm/
Lnk.Bio,Supercharge your Link in Bio,https://lnk.bio/
Startups.fyi,Discover Profitable Startups & Online Business Ideas,https://www.startups.fyi/
Webdesigner News,Webdesigner News,https://www.webdesignernews.com/
Prime Indies,Curated indie products,https://primeindies.com/
Insanely Cool Tools,The Best Tools On The Internet,https://www.insanelycooltools.com/
Capterra,A platform for discovering and comparing business software.,https://www.capterra.com/
Dev Hunt,The best new Dev Tools every day.,https://devhunt.org/
GitLab,The most-comprehensive AI-powered DevSecOps platform,https://gitlab.com/
NoCodeDevs,Community and resources for no-code development.,https://www.nocodedevs.com/
Behance,Behance is the world’s largest creative network for showcasing and discovering creative work.,https://www.behance.net/
Dribbble,Discover the World’s Top Designers & Creative Professionals,https://dribbble.com/
Startups List,Collections of the best startups in different places,https://www.startups-list.com/
1000.tools,1000.tools,https://1000.tools/
Apps400,Web App Reviews,http://apps400.com
IndieMaker,A community for Indie Makers with daily update reminders.,https://indiemaker.space/
Cuspera,Right Software solutions for your Business Needs Group 5 Group 6,https://www.cuspera.com/
The Org,Explore the world’s biggest network of public org charts,https://theorg.com/
GoodFirms,B2B Reviews & Ratings,https://www.goodfirms.co/
Porch,Find the Best Rated Local Home Improvement Professionals,https://porch.com/
BizToBiz.org,Business & Business Services Directory,https://www.biztobiz.org/
BigStartups,Global Business Networking Platform,https://bigstartups.co/
UniqueThis,A social network for unique people and their unique things.,https://uniquethis.com/
Gravatar,Globally Recognized Avatars,https://gravatar.com/
Insertbiz,"Free Business Listing Sites, Local Listing Site India",https://www.insertbiz.com/
SlideShare,Share & Discover Presentations,https://www.slideshare.net/
Dev Resources,A Collaborative List Of 700+ Resources For Developers,https://devresourc.es/
Betabound,"We collect, organize, and offer great testing opportunities.",https://www.betabound.com/
Inside.com,Essential Executive News Briefings,https://inside.com/
Sortlist,A platform for finding marketing agencies.,https://www.sortlist.com/
BetaList,Discover and get early access to tomorrow’s startups,http://betalist.com/
madepublic,"Connect, motivate and share with developers & independent makers.",https://madepublic.io/
companylistingnyc.com,Company Listings NYC,https://companylistingnyc.com/
Akama,Business directory and marketplace.,https://akama.com/
Top Tools by Robin Good,Top free tools for online communication professionals,https://tools.robingood.com/
SelectHub,Helps businesses select software solutions.,https://www.selecthub.com/
Pixelfed,Decentralized social media,https://pixelfed.org/
YourStory,A platform for showcasing startup stories.,https://yourstory.com/companies
CSS Light,CSS Light is a stunning platform to showcase website,https://www.csslight.com/
